INSERT INTO jabatan VALUES
('J00001','supervisor','Deskripsi supervisor'),
('J00002','operator','Deskripsi operator');

INSERT INTO spbu_cabang VALUES
('SP00001','SPBU Surabaya #1','Jl. Surabaya No.1','081243125','07:00-23:00');

INSERT INTO supplier VALUES
('S00001','Supplier 1','0853742382'),
('S00002','Supplier 2','0836483080'),
('S00003','Supplier 3','0842278493');

INSERT INTO jenis VALUES
('JN00001','Bahan Bakar Minyak (BBM)'),
('JN00002','Gas & LPG'),
('JN00003','Pelumas dan Oli');

INSERT INTO pompa VALUES
('PM00001','Pompa 1',789.7,'aktif'),
('PM00002','Pompa 2',1909.49,'aktif'),
('PM00003','Pompa 3',938.49,'aktif'),
('PM00004','Pompa 4',1929.57,'aktif'),
('PM00005','Pompa 5',1999.55,'aktif'),
('PM00006','Pompa 6',856.72,'aktif'),
('PM00007','Pompa 7',1333.84,'aktif'),
('PM00008','Pompa 8',1491.68,'aktif'),
('PM00009','Pompa 9',503.64,'aktif'),
('PM00010','Pompa 10',919.91,'aktif');

INSERT INTO produk VALUES
('PR00001','Pertalite','JN00001','PM00008','liter',17509.26,'S00001'),
('PR00002','Pertamax','JN00001','PM00004','liter',19972.71,'S00003'),
('PR00003','Pertamax Turbo','JN00001','PM00007','liter',11977.87,'S00001'),
('PR00004','Solar','JN00001','PM00002','liter',14611.85,'S00001'),
('PR00005','Bio Solar','JN00001','PM00005','liter',13635.97,'S00003'),
('PR00006','Dexlite','JN00001','PM00004','liter',8862.6,'S00001'),
('PR00007','Pertamina Dex','JN00001','PM00004','liter',14721.25,'S00003'),
('PR00008','Premium','JN00001','PM00008','liter',16451.13,'S00003'),
('PR00009','Diesel','JN00001','PM00002','liter',18073.84,'S00001'),
('PR00010','Gasoline','JN00001','PM00004','liter',11946.51,'S00003'),
('PR00011','LPG 3kg','JN00002','PM00002','kg',179413.45,'S00001'),
('PR00012','LPG 12kg','JN00002','PM00002','kg',292375.05,'S00003'),
('PR00013','LPG 50kg','JN00002','PM00005','kg',193714.7,'S00002'),
('PR00014','Oli Mesin Pertamina Fastron','JN00003','PM00009','ml',78065.73,'S00001'),
('PR00015','Oli Enduro Racing','JN00003','PM00009','ml',167699.24,'S00001'),
('PR00016','Oli Mesran Super','JN00003','PM00007','ml',189822.97,'S00003'),
('PR00017','Oli Shell Helix','JN00003','PM00009','ml',53201.93,'S00001'),
('PR00018','Oli Top 1','JN00003','PM00008','ml',150772.1,'S00002'),
('PR00019','Oli Castrol Power1','JN00003','PM00007','ml',190081.54,'S00001'),
('PR00020','Oli Mobil Super','JN00003','PM00001','ml',105212.72,'S00001'),
('PR00021','Oli Motul','JN00003','PM00001','ml',79313.72,'S00003'),
('PR00022','Oli Yamalube','JN00003','PM00007','ml',60135.41,'S00001'),
('PR00023','Oli AHM','JN00003','PM00009','ml',141395.43,'S00003'),
('PR00024','Oli Federal','JN00003','PM00001','ml',100645.19,'S00003'),
('PR00025','Oli Suzuki Genuine','JN00003','PM00002','ml',68068.19,'S00001'),
('PR00026','Grease Pelumas Rantai','JN00003','PM00002','ml',170579.1,'S00001'),
('PR00027','Cairan Rem','JN00003','PM00006','ml',120209.67,'S00002'),
('PR00028','Air Radiator Coolant','JN00003','PM00001','ml',39529.79,'S00002'),
('PR00029','Minyak Rem DOT3','JN00003','PM00001','ml',13543.09,'S00003'),
('PR00030','Oli Transmisi','JN00003','PM00002','ml',185776.07,'S00003'),
('PR00031','Oli Gardan','JN00003','PM00002','ml',195198.37,'S00002'),
('PR00032','Oli Shockbreaker','JN00003','PM00002','ml',57003.0,'S00001'),
('PR00033','Pembersih Karburator','JN00003','PM00004','ml',42366.5,'S00001'),
('PR00034','LPG 5kg','JN00002','PM00003','kg',29398.44,'S00001');

INSERT INTO harga VALUES
('H00001','PR00001',261370.02,'2025-08-10'),
('H00002','PR00002',154939.89,'2025-03-14'),
('H00003','PR00003',290376.01,'2025-06-23'),
('H00004','PR00004',216207.01,'2025-07-05'),
('H00005','PR00005',130439.2,'2025-05-18'),
('H00006','PR00006',86931.41,'2024-10-23'),
('H00007','PR00007',146194.42,'2025-04-01'),
('H00008','PR00008',94857.45,'2025-01-20'),
('H00009','PR00009',92701.51,'2024-12-06'),
('H00010','PR00010',14325.74,'2025-05-08'),
('H00011','PR00011',29588.29,'2024-09-10'),
('H00012','PR00012',222919.98,'2024-09-05'),
('H00013','PR00013',35172.78,'2024-10-26'),
('H00014','PR00014',157524.9,'2025-08-14'),
('H00015','PR00015',33177.65,'2025-04-06'),
('H00016','PR00016',57116.36,'2025-08-07'),
('H00017','PR00017',120832.05,'2025-04-24'),
('H00018','PR00018',264275.87,'2025-05-31'),
('H00019','PR00019',211324.6,'2025-09-29'),
('H00020','PR00020',126054.87,'2025-07-30'),
('H00021','PR00021',133580.42,'2025-01-07'),
('H00022','PR00022',91503.57,'2024-10-15'),
('H00023','PR00023',258680.06,'2025-02-13'),
('H00024','PR00024',100668.8,'2024-12-09'),
('H00025','PR00025',234778.07,'2025-03-08'),
('H00026','PR00026',228662.82,'2025-08-15'),
('H00027','PR00027',148119.12,'2025-09-19'),
('H00028','PR00028',232404.74,'2025-08-02'),
('H00029','PR00029',161605.32,'2025-05-17'),
('H00030','PR00030',164535.76,'2025-01-09'),
('H00031','PR00031',119152.35,'2025-09-18'),
('H00032','PR00032',263735.19,'2025-08-28'),
('H00033','PR00033',200689.28,'2024-10-11'),
('H00034','PR00034',88814.52,'2024-10-23');

INSERT INTO karyawan VALUES
('K00001','Adi','Santoso','user00001','pass00001','J00002','SP00001'),
('K00002','Adi','Pratama','user00002','pass00002','J00001','SP00001'),
('K00003','Adi','Wijaya','user00003','pass00003','J00002','SP00001'),
('K00004','Adi','Setiawan','user00004','pass00004','J00002','SP00001'),
('K00005','Adi','Saputra','user00005','pass00005','J00002','SP00001');

INSERT INTO kehadiran VALUES
('KH00001','2024-12-18','hadir','malam','K00001'),
('KH00002','2025-09-04','hadir','malam','K00002'),
('KH00003','2025-01-17','izin','malam','K00003'),
('KH00004','2024-10-01','alpa','pagi','K00003'),
('KH00005','2024-10-11','sakit','siang','K00005'),
('KH00006','2025-09-13','hadir','pagi','K00004'),
('KH00007','2025-09-19','izin','siang','K00004'),
('KH00008','2025-05-31','hadir','siang','K00001'),
('KH00009','2024-10-27','hadir','siang','K00002'),
('KH00010','2024-09-20','sakit','malam','K00003'),
('KH00011','2025-07-22','izin','malam','K00001'),
('KH00012','2024-10-06','hadir','malam','K00004'),
('KH00013','2025-05-20','hadir','pagi','K00004'),
('KH00014','2024-12-14','sakit','siang','K00004'),
('KH00015','2024-12-27','izin','siang','K00005'),
('KH00016','2025-04-12','alpa','malam','K00005'),
('KH00017','2024-12-10','alpa','malam','K00001'),
('KH00018','2024-12-18','sakit','malam','K00003'),
('KH00019','2025-02-21','alpa','pagi','K00005'),
('KH00020','2025-05-15','sakit','malam','K00002'),
('KH00021','2025-01-09','sakit','pagi','K00002'),
('KH00022','2025-02-24','izin','siang','K00005'),
('KH00023','2025-04-17','sakit','siang','K00004'),
('KH00024','2025-01-01','hadir','siang','K00005'),
('KH00025','2025-08-16','hadir','siang','K00003'),
('KH00026','2024-11-28','hadir','siang','K00005'),
('KH00027','2025-04-03','alpa','malam','K00005'),
('KH00028','2025-07-13','alpa','malam','K00004'),
('KH00029','2024-10-23','alpa','malam','K00003'),
('KH00030','2025-05-01','alpa','siang','K00002'),
('KH00031','2025-03-17','alpa','malam','K00004'),
('KH00032','2025-07-11','sakit','pagi','K00005'),
('KH00033','2025-02-04','sakit','siang','K00005'),
('KH00034','2025-04-15','hadir','malam','K00001'),
('KH00035','2025-03-18','sakit','siang','K00003'),
('KH00036','2025-07-04','hadir','siang','K00003'),
('KH00037','2024-11-14','hadir','siang','K00002'),
('KH00038','2024-11-24','hadir','siang','K00005'),
('KH00039','2025-01-29','sakit','siang','K00001'),
('KH00040','2025-08-06','sakit','pagi','K00002'),
('KH00041','2025-02-16','alpa','malam','K00001'),
('KH00042','2025-05-01','hadir','malam','K00004'),
('KH00043','2024-12-28','izin','malam','K00005'),
('KH00044','2024-09-19','alpa','pagi','K00005'),
('KH00045','2025-04-06','hadir','pagi','K00001'),
('KH00046','2024-09-30','sakit','siang','K00004'),
('KH00047','2025-01-21','alpa','malam','K00001'),
('KH00048','2024-12-09','sakit','malam','K00002'),
('KH00049','2025-06-27','hadir','malam','K00005'),
('KH00050','2025-09-02','izin','pagi','K00005'),
('KH00051','2024-12-19','sakit','siang','K00003'),
('KH00052','2024-09-27','hadir','malam','K00002'),
('KH00053','2025-03-07','alpa','malam','K00004'),
('KH00054','2025-01-04','hadir','malam','K00004'),
('KH00055','2025-04-18','alpa','malam','K00004'),
('KH00056','2025-06-30','alpa','pagi','K00003'),
('KH00057','2024-11-26','hadir','malam','K00004'),
('KH00058','2024-12-29','sakit','malam','K00003'),
('KH00059','2025-09-17','sakit','siang','K00004'),
('KH00060','2025-03-07','sakit','pagi','K00001'),
('KH00061','2024-09-23','hadir','malam','K00002'),
('KH00062','2025-07-05','hadir','siang','K00001'),
('KH00063','2024-12-15','alpa','pagi','K00005'),
('KH00064','2025-05-08','izin','siang','K00003'),
('KH00065','2024-12-30','hadir','malam','K00003'),
('KH00066','2025-05-09','alpa','pagi','K00004'),
('KH00067','2025-05-06','alpa','pagi','K00002'),
('KH00068','2024-09-16','hadir','pagi','K00002'),
('KH00069','2024-09-09','sakit','siang','K00003'),
('KH00070','2025-06-14','alpa','malam','K00001'),
('KH00071','2025-01-22','alpa','malam','K00001'),
('KH00072','2025-07-10','alpa','pagi','K00002'),
('KH00073','2025-03-08','alpa','pagi','K00001'),
('KH00074','2025-09-26','izin','malam','K00003'),
('KH00075','2025-09-22','sakit','pagi','K00003'),
('KH00076','2025-05-26','sakit','pagi','K00002'),
('KH00077','2025-01-27','sakit','siang','K00002'),
('KH00078','2025-03-31','sakit','malam','K00003'),
('KH00079','2024-11-28','hadir','malam','K00004'),
('KH00080','2025-08-15','izin','malam','K00001'),
('KH00081','2025-08-28','hadir','malam','K00004'),
('KH00082','2025-07-26','alpa','pagi','K00004'),
('KH00083','2024-11-06','hadir','siang','K00001'),
('KH00084','2025-02-21','sakit','pagi','K00005'),
('KH00085','2025-04-27','izin','malam','K00003'),
('KH00086','2025-08-15','alpa','pagi','K00002'),
('KH00087','2025-08-08','hadir','pagi','K00005'),
('KH00088','2025-06-27','hadir','pagi','K00003'),
('KH00089','2025-04-04','hadir','siang','K00003'),
('KH00090','2025-07-16','izin','pagi','K00005'),
('KH00091','2024-11-17','alpa','pagi','K00003'),
('KH00092','2025-07-06','izin','malam','K00004'),
('KH00093','2025-03-24','alpa','malam','K00004'),
('KH00094','2024-09-13','izin','pagi','K00001'),
('KH00095','2025-07-16','izin','siang','K00004'),
('KH00096','2024-10-27','hadir','malam','K00002'),
('KH00097','2025-05-27','sakit','malam','K00005'),
('KH00098','2025-06-20','izin','pagi','K00003'),
('KH00099','2025-04-20','izin','pagi','K00005'),
('KH00100','2024-10-03','hadir','pagi','K00004'),
('KH00101','2025-01-16','alpa','siang','K00002'),
('KH00102','2025-05-27','izin','malam','K00004'),
('KH00103','2024-09-09','alpa','siang','K00004'),
('KH00104','2025-03-26','sakit','siang','K00001'),
('KH00105','2024-11-01','izin','siang','K00001'),
('KH00106','2025-05-29','hadir','siang','K00003'),
('KH00107','2024-10-19','alpa','siang','K00002'),
('KH00108','2025-04-09','sakit','pagi','K00001'),
('KH00109','2025-01-24','alpa','siang','K00003'),
('KH00110','2025-01-31','hadir','siang','K00003'),
('KH00111','2025-03-03','hadir','pagi','K00001'),
('KH00112','2025-05-13','alpa','pagi','K00003'),
('KH00113','2025-03-17','hadir','malam','K00005'),
('KH00114','2025-09-25','alpa','siang','K00002'),
('KH00115','2025-08-10','izin','malam','K00002'),
('KH00116','2024-09-07','alpa','siang','K00001'),
('KH00117','2025-04-09','alpa','siang','K00005'),
('KH00118','2025-09-25','sakit','pagi','K00001'),
('KH00119','2024-09-11','izin','siang','K00005'),
('KH00120','2025-01-25','hadir','pagi','K00004'),
('KH00121','2025-03-09','alpa','malam','K00005'),
('KH00122','2025-02-23','alpa','malam','K00005'),
('KH00123','2024-09-12','alpa','malam','K00005'),
('KH00124','2025-04-05','alpa','pagi','K00001'),
('KH00125','2025-07-04','hadir','pagi','K00001'),
('KH00126','2025-05-01','sakit','pagi','K00003'),
('KH00127','2025-02-22','sakit','pagi','K00004'),
('KH00128','2025-06-08','izin','siang','K00002'),
('KH00129','2025-06-10','sakit','siang','K00005'),
('KH00130','2024-10-02','izin','siang','K00002'),
('KH00131','2025-04-05','alpa','siang','K00002'),
('KH00132','2024-09-21','hadir','malam','K00005'),
('KH00133','2025-09-05','alpa','pagi','K00002'),
('KH00134','2025-06-30','izin','pagi','K00004'),
('KH00135','2024-11-02','izin','malam','K00001'),
('KH00136','2025-08-20','sakit','pagi','K00002'),
('KH00137','2025-03-19','hadir','malam','K00001'),
('KH00138','2025-08-03','alpa','siang','K00005'),
('KH00139','2025-05-10','alpa','pagi','K00001'),
('KH00140','2025-06-19','sakit','pagi','K00004'),
('KH00141','2025-01-19','hadir','pagi','K00001'),
('KH00142','2025-09-14','izin','siang','K00001'),
('KH00143','2025-03-06','sakit','pagi','K00004'),
('KH00144','2024-09-05','izin','pagi','K00001'),
('KH00145','2024-10-27','alpa','siang','K00005'),
('KH00146','2024-10-29','sakit','siang','K00004'),
('KH00147','2025-05-13','sakit','siang','K00001'),
('KH00148','2025-08-03','alpa','siang','K00001'),
('KH00149','2024-11-13','hadir','siang','K00001'),
('KH00150','2024-09-04','hadir','siang','K00004');

INSERT INTO produk_cabang VALUES
('PR00001','SP00001'),
('PR00002','SP00001'),
('PR00003','SP00001'),
('PR00004','SP00001'),
('PR00005','SP00001'),
('PR00006','SP00001'),
('PR00007','SP00001'),
('PR00008','SP00001'),
('PR00009','SP00001'),
('PR00010','SP00001'),
('PR00011','SP00001'),
('PR00012','SP00001'),
('PR00013','SP00001'),
('PR00014','SP00001'),
('PR00015','SP00001'),
('PR00016','SP00001'),
('PR00017','SP00001'),
('PR00018','SP00001'),
('PR00019','SP00001'),
('PR00020','SP00001'),
('PR00021','SP00001'),
('PR00022','SP00001'),
('PR00023','SP00001'),
('PR00024','SP00001'),
('PR00025','SP00001'),
('PR00026','SP00001'),
('PR00027','SP00001'),
('PR00028','SP00001'),
('PR00029','SP00001'),
('PR00030','SP00001'),
('PR00031','SP00001'),
('PR00032','SP00001'),
('PR00033','SP00001'),
('PR00034','SP00001');

INSERT INTO pembelian VALUES
('PB00001','K00004','S00001','PR00029',1263.23,197381.9,'2025-01-31'),
('PB00002','K00004','S00003','PR00028',1653.45,108493.44,'2024-09-18');

INSERT INTO transaksi VALUES
('TR00001','kredit','2024-11-08 12:00:00','K00003','H00011','PR00011',37.73),
('TR00002','cash','2025-06-18 12:00:00','K00005','H00034','PR00034',135.17),
('TR00003','kredit','2025-02-15 12:00:00','K00003','H00023','PR00023',40.62),
('TR00004','qr','2025-03-16 12:00:00','K00004','H00004','PR00004',85.4),
('TR00005','kredit','2025-06-29 12:00:00','K00004','H00012','PR00012',21.4),
('TR00006','debit','2025-03-11 12:00:00','K00003','H00003','PR00003',187.34),
('TR00007','cash','2025-02-12 12:00:00','K00003','H00022','PR00022',15.58),
('TR00008','qr','2025-06-08 12:00:00','K00001','H00001','PR00001',10.12),
('TR00009','debit','2024-11-22 12:00:00','K00001','H00004','PR00004',173.94),
('TR00010','debit','2025-09-06 12:00:00','K00004','H00011','PR00011',21.62),
('TR00011','kredit','2025-07-30 12:00:00','K00001','H00017','PR00017',96.29),
('TR00012','kredit','2025-03-14 12:00:00','K00003','H00003','PR00003',170.3),
('TR00013','non-cash','2025-04-25 12:00:00','K00001','H00014','PR00014',97.15),
('TR00014','non-cash','2025-03-05 12:00:00','K00005','H00022','PR00022',108.48),
('TR00015','debit','2025-05-29 12:00:00','K00005','H00026','PR00026',99.18),
('TR00016','non-cash','2025-02-05 12:00:00','K00003','H00028','PR00028',75.93),
('TR00017','non-cash','2025-04-19 12:00:00','K00005','H00021','PR00021',46.99),
('TR00018','cash','2025-07-04 12:00:00','K00005','H00034','PR00034',64.12),
('TR00019','kredit','2024-12-29 12:00:00','K00001','H00019','PR00019',105.03),
('TR00020','kredit','2025-05-27 12:00:00','K00003','H00028','PR00028',113.03),
('TR00021','non-cash','2024-12-01 12:00:00','K00001','H00031','PR00031',33.65),
('TR00022','debit','2025-04-28 12:00:00','K00001','H00022','PR00022',46.83),
('TR00023','kredit','2025-03-06 12:00:00','K00005','H00022','PR00022',33.69),
('TR00024','cash','2025-03-25 12:00:00','K00003','H00029','PR00029',128.54),
('TR00025','debit','2025-07-19 12:00:00','K00004','H00001','PR00001',116.37),
('TR00026','debit','2024-12-30 12:00:00','K00004','H00017','PR00017',102.32),
('TR00027','non-cash','2025-04-01 12:00:00','K00005','H00005','PR00005',12.03),
('TR00028','non-cash','2024-09-20 12:00:00','K00001','H00033','PR00033',86.18),
('TR00029','non-cash','2025-04-22 12:00:00','K00003','H00004','PR00004',199.0),
('TR00030','cash','2025-04-02 12:00:00','K00001','H00027','PR00027',109.32),
('TR00031','qr','2024-11-02 12:00:00','K00003','H00018','PR00018',144.63),
('TR00032','kredit','2024-11-12 12:00:00','K00004','H00025','PR00025',189.32),
('TR00033','kredit','2025-04-12 12:00:00','K00004','H00021','PR00021',182.36),
('TR00034','cash','2025-04-03 12:00:00','K00005','H00005','PR00005',53.45),
('TR00035','cash','2025-05-15 12:00:00','K00004','H00033','PR00033',56.98),
('TR00036','kredit','2024-09-08 12:00:00','K00004','H00007','PR00007',186.66),
('TR00037','debit','2025-08-13 12:00:00','K00001','H00014','PR00014',198.8),
('TR00038','cash','2025-03-18 12:00:00','K00005','H00019','PR00019',90.01),
('TR00039','non-cash','2025-09-27 12:00:00','K00004','H00030','PR00030',68.0),
('TR00040','cash','2025-07-31 12:00:00','K00004','H00010','PR00010',57.03),
('TR00041','qr','2024-10-29 12:00:00','K00003','H00010','PR00010',125.16),
('TR00042','non-cash','2025-03-28 12:00:00','K00005','H00032','PR00032',45.66),
('TR00043','kredit','2025-02-18 12:00:00','K00004','H00021','PR00021',17.73),
('TR00044','non-cash','2024-09-23 12:00:00','K00001','H00020','PR00020',12.13),
('TR00045','cash','2024-11-09 12:00:00','K00005','H00013','PR00013',47.8),
('TR00046','qr','2025-08-31 12:00:00','K00003','H00006','PR00006',129.46),
('TR00047','kredit','2024-12-25 12:00:00','K00004','H00028','PR00028',68.55),
('TR00048','debit','2024-10-21 12:00:00','K00001','H00012','PR00012',49.63),
('TR00049','non-cash','2025-08-01 12:00:00','K00004','H00015','PR00015',128.38),
('TR00050','non-cash','2025-01-02 12:00:00','K00003','H00002','PR00002',121.43),
('TR00051','non-cash','2025-03-23 12:00:00','K00001','H00017','PR00017',32.7),
('TR00052','debit','2024-10-29 12:00:00','K00004','H00023','PR00023',129.93),
('TR00053','qr','2024-10-19 12:00:00','K00004','H00005','PR00005',152.1),
('TR00054','debit','2025-03-11 12:00:00','K00005','H00001','PR00001',52.73),
('TR00055','cash','2025-03-28 12:00:00','K00004','H00028','PR00028',131.18),
('TR00056','debit','2024-09-13 12:00:00','K00001','H00001','PR00001',149.31),
('TR00057','debit','2024-11-09 12:00:00','K00001','H00003','PR00003',155.41),
('TR00058','cash','2025-05-03 12:00:00','K00001','H00011','PR00011',185.92),
('TR00059','debit','2025-01-11 12:00:00','K00003','H00004','PR00004',60.87),
('TR00060','cash','2024-09-17 12:00:00','K00005','H00029','PR00029',121.31),
('TR00061','qr','2025-02-20 12:00:00','K00001','H00010','PR00010',152.68),
('TR00062','cash','2025-07-02 12:00:00','K00001','H00033','PR00033',123.91),
('TR00063','debit','2024-12-02 12:00:00','K00001','H00014','PR00014',130.61),
('TR00064','kredit','2024-09-27 12:00:00','K00004','H00018','PR00018',89.07),
('TR00065','non-cash','2024-10-13 12:00:00','K00001','H00003','PR00003',181.35),
('TR00066','non-cash','2025-09-06 12:00:00','K00001','H00033','PR00033',192.37),
('TR00067','kredit','2025-02-18 12:00:00','K00005','H00018','PR00018',182.24),
('TR00068','debit','2025-06-22 12:00:00','K00005','H00027','PR00027',80.85),
('TR00069','cash','2024-09-01 12:00:00','K00001','H00018','PR00018',91.72),
('TR00070','kredit','2025-07-13 12:00:00','K00003','H00028','PR00028',53.79),
('TR00071','kredit','2025-02-10 12:00:00','K00001','H00024','PR00024',130.64),
('TR00072','debit','2024-11-25 12:00:00','K00004','H00021','PR00021',84.98),
('TR00073','kredit','2025-04-17 12:00:00','K00001','H00023','PR00023',122.32),
('TR00074','debit','2024-09-02 12:00:00','K00005','H00024','PR00024',162.03),
('TR00075','debit','2025-06-13 12:00:00','K00004','H00003','PR00003',7.39),
('TR00076','cash','2025-08-30 12:00:00','K00005','H00004','PR00004',3.11),
('TR00077','qr','2025-01-14 12:00:00','K00004','H00017','PR00017',75.11),
('TR00078','kredit','2024-11-01 12:00:00','K00004','H00012','PR00012',198.68),
('TR00079','non-cash','2025-03-03 12:00:00','K00001','H00008','PR00008',172.66),
('TR00080','qr','2025-03-09 12:00:00','K00001','H00024','PR00024',193.12),
('TR00081','kredit','2024-11-07 12:00:00','K00003','H00026','PR00026',112.32),
('TR00082','kredit','2025-07-05 12:00:00','K00004','H00023','PR00023',77.42),
('TR00083','non-cash','2024-09-01 12:00:00','K00004','H00031','PR00031',25.63),
('TR00084','qr','2025-01-20 12:00:00','K00001','H00018','PR00018',72.66),
('TR00085','non-cash','2024-12-25 12:00:00','K00001','H00030','PR00030',191.54),
('TR00086','debit','2025-08-15 12:00:00','K00001','H00029','PR00029',139.66),
('TR00087','cash','2025-02-13 12:00:00','K00005','H00006','PR00006',104.18),
('TR00088','debit','2025-06-27 12:00:00','K00004','H00010','PR00010',131.31),
('TR00089','kredit','2025-05-24 12:00:00','K00001','H00001','PR00001',122.19),
('TR00090','qr','2024-11-19 12:00:00','K00004','H00031','PR00031',84.48),
('TR00091','non-cash','2025-03-31 12:00:00','K00004','H00009','PR00009',179.86),
('TR00092','non-cash','2025-09-27 12:00:00','K00001','H00012','PR00012',45.75),
('TR00093','qr','2025-03-15 12:00:00','K00003','H00012','PR00012',22.71),
('TR00094','qr','2025-02-13 12:00:00','K00004','H00033','PR00033',135.27),
('TR00095','debit','2025-07-01 12:00:00','K00005','H00017','PR00017',56.64),
('TR00096','qr','2024-09-17 12:00:00','K00003','H00016','PR00016',108.58),
('TR00097','non-cash','2025-05-01 12:00:00','K00004','H00017','PR00017',186.1),
('TR00098','qr','2024-11-13 12:00:00','K00001','H00001','PR00001',27.13),
('TR00099','cash','2024-09-15 12:00:00','K00005','H00018','PR00018',41.44),
('TR00100','kredit','2025-04-02 12:00:00','K00005','H00012','PR00012',80.04),
('TR00101','debit','2024-09-01 12:00:00','K00005','H00017','PR00017',108.96),
('TR00102','debit','2024-12-28 12:00:00','K00003','H00011','PR00011',18.07),
('TR00103','non-cash','2025-06-29 12:00:00','K00004','H00006','PR00006',104.04),
('TR00104','non-cash','2025-06-17 12:00:00','K00004','H00027','PR00027',152.2),
('TR00105','debit','2025-07-09 12:00:00','K00003','H00008','PR00008',78.11),
('TR00106','kredit','2024-10-09 12:00:00','K00004','H00006','PR00006',56.17),
('TR00107','cash','2024-10-18 12:00:00','K00001','H00021','PR00021',3.35),
('TR00108','qr','2025-03-24 12:00:00','K00003','H00015','PR00015',90.04),
('TR00109','cash','2024-09-24 12:00:00','K00003','H00034','PR00034',149.98),
('TR00110','qr','2025-04-04 12:00:00','K00001','H00006','PR00006',52.1),
('TR00111','non-cash','2025-08-15 12:00:00','K00005','H00004','PR00004',181.42),
('TR00112','qr','2025-09-05 12:00:00','K00004','H00012','PR00012',85.7),
('TR00113','debit','2025-08-12 12:00:00','K00004','H00017','PR00017',50.05),
('TR00114','cash','2025-04-18 12:00:00','K00003','H00024','PR00024',15.43),
('TR00115','cash','2024-12-13 12:00:00','K00001','H00007','PR00007',40.7),
('TR00116','kredit','2025-02-20 12:00:00','K00003','H00030','PR00030',189.44),
('TR00117','kredit','2025-02-09 12:00:00','K00001','H00007','PR00007',198.35),
('TR00118','debit','2024-10-02 12:00:00','K00004','H00009','PR00009',137.55),
('TR00119','non-cash','2025-08-28 12:00:00','K00001','H00017','PR00017',7.36),
('TR00120','non-cash','2025-01-13 12:00:00','K00003','H00030','PR00030',59.7),
('TR00121','cash','2025-02-05 12:00:00','K00005','H00034','PR00034',35.14),
('TR00122','kredit','2025-01-29 12:00:00','K00004','H00010','PR00010',97.2),
('TR00123','debit','2025-06-16 12:00:00','K00004','H00019','PR00019',100.65),
('TR00124','qr','2024-10-27 12:00:00','K00001','H00024','PR00024',59.22),
('TR00125','qr','2024-11-01 12:00:00','K00004','H00016','PR00016',8.34),
('TR00126','kredit','2024-10-31 12:00:00','K00001','H00002','PR00002',65.81),
('TR00127','kredit','2025-01-29 12:00:00','K00005','H00025','PR00025',144.27),
('TR00128','debit','2025-05-22 12:00:00','K00001','H00030','PR00030',174.62),
('TR00129','cash','2025-09-17 12:00:00','K00001','H00032','PR00032',185.22),
('TR00130','kredit','2024-09-09 12:00:00','K00001','H00026','PR00026',147.44),
('TR00131','cash','2024-11-29 12:00:00','K00001','H00007','PR00007',125.96),
('TR00132','cash','2025-04-08 12:00:00','K00003','H00025','PR00025',116.81),
('TR00133','non-cash','2025-08-15 12:00:00','K00003','H00018','PR00018',83.55),
('TR00134','debit','2024-10-26 12:00:00','K00003','H00022','PR00022',199.82),
('TR00135','qr','2025-04-15 12:00:00','K00001','H00022','PR00022',71.08),
('TR00136','non-cash','2025-08-13 12:00:00','K00005','H00032','PR00032',129.36),
('TR00137','non-cash','2025-08-02 12:00:00','K00001','H00033','PR00033',162.96),
('TR00138','cash','2024-12-16 12:00:00','K00001','H00030','PR00030',170.95),
('TR00139','cash','2025-05-31 12:00:00','K00004','H00020','PR00020',117.65),
('TR00140','qr','2024-09-03 12:00:00','K00004','H00033','PR00033',161.41),
('TR00141','debit','2025-05-03 12:00:00','K00005','H00028','PR00028',54.97),
('TR00142','kredit','2025-07-28 12:00:00','K00001','H00006','PR00006',136.42),
('TR00143','qr','2025-06-02 12:00:00','K00003','H00006','PR00006',11.45),
('TR00144','debit','2025-05-22 12:00:00','K00004','H00026','PR00026',109.54),
('TR00145','cash','2025-07-14 12:00:00','K00001','H00020','PR00020',55.28),
('TR00146','non-cash','2024-10-09 12:00:00','K00004','H00016','PR00016',197.23),
('TR00147','cash','2025-04-30 12:00:00','K00005','H00029','PR00029',116.26),
('TR00148','cash','2025-08-14 12:00:00','K00003','H00003','PR00003',71.26),
('TR00149','kredit','2025-01-17 12:00:00','K00005','H00021','PR00021',88.32),
('TR00150','non-cash','2025-04-06 12:00:00','K00003','H00015','PR00015',145.87),
('TR00151','non-cash','2025-06-17 12:00:00','K00001','H00011','PR00011',62.08),
('TR00152','non-cash','2025-03-06 12:00:00','K00004','H00010','PR00010',40.64),
('TR00153','cash','2025-08-30 12:00:00','K00001','H00025','PR00025',94.4),
('TR00154','qr','2025-08-26 12:00:00','K00004','H00003','PR00003',134.1),
('TR00155','kredit','2024-12-31 12:00:00','K00003','H00004','PR00004',25.83),
('TR00156','non-cash','2025-01-17 12:00:00','K00005','H00011','PR00011',32.64),
('TR00157','qr','2024-12-10 12:00:00','K00005','H00019','PR00019',111.93),
('TR00158','qr','2025-09-29 12:00:00','K00001','H00023','PR00023',59.24),
('TR00159','non-cash','2024-12-12 12:00:00','K00005','H00015','PR00015',71.46),
('TR00160','debit','2025-01-28 12:00:00','K00001','H00001','PR00001',116.96),
('TR00161','kredit','2025-05-21 12:00:00','K00004','H00011','PR00011',129.69),
('TR00162','cash','2024-09-09 12:00:00','K00004','H00017','PR00017',100.66),
('TR00163','non-cash','2024-12-08 12:00:00','K00003','H00012','PR00012',183.62),
('TR00164','kredit','2025-06-16 12:00:00','K00004','H00029','PR00029',173.16),
('TR00165','debit','2025-07-30 12:00:00','K00005','H00011','PR00011',69.53),
('TR00166','non-cash','2025-02-02 12:00:00','K00004','H00030','PR00030',96.74),
('TR00167','debit','2025-07-03 12:00:00','K00001','H00013','PR00013',5.52),
('TR00168','debit','2025-01-18 12:00:00','K00005','H00034','PR00034',129.23),
('TR00169','qr','2025-01-02 12:00:00','K00004','H00034','PR00034',94.19),
('TR00170','debit','2025-04-18 12:00:00','K00004','H00030','PR00030',84.15),
('TR00171','qr','2024-12-17 12:00:00','K00003','H00031','PR00031',85.5),
('TR00172','cash','2025-09-29 12:00:00','K00004','H00015','PR00015',167.6),
('TR00173','cash','2025-01-16 12:00:00','K00004','H00015','PR00015',64.48),
('TR00174','kredit','2025-07-01 12:00:00','K00003','H00018','PR00018',139.58),
('TR00175','non-cash','2024-10-16 12:00:00','K00005','H00003','PR00003',143.61),
('TR00176','cash','2024-09-29 12:00:00','K00004','H00006','PR00006',92.24),
('TR00177','cash','2024-10-21 12:00:00','K00005','H00031','PR00031',45.81),
('TR00178','kredit','2024-10-16 12:00:00','K00005','H00009','PR00009',74.84),
('TR00179','debit','2025-04-20 12:00:00','K00001','H00002','PR00002',103.63),
('TR00180','cash','2025-07-10 12:00:00','K00004','H00029','PR00029',48.73);
